<keymap version="1" name="Visual Studio 2022 copy" parent="Visual Studio 2022">
  <action id="$Copy">
    <keyboard-shortcut first-keystroke="ctrl c" />
  </action>
  <action id="$Cut">
    <keyboard-shortcut first-keystroke="ctrl x" />
  </action>
  <action id="$Paste">
    <keyboard-shortcut first-keystroke="ctrl v" />
  </action>
  <action id="$Redo">
    <keyboard-shortcut first-keystroke="ctrl y" />
  </action>
  <action id="$Undo">
    <keyboard-shortcut first-keystroke="ctrl z" />
  </action>
  <action id="ActivateBookmarksToolWindow">
    <keyboard-shortcut first-keystroke="alt 2" />
  </action>
  <action id="Arrangement.Alias.Rule.Add">
    <keyboard-shortcut first-keystroke="alt insert" />
  </action>
  <action id="Arrangement.Rule.Add">
    <keyboard-shortcut first-keystroke="alt insert" />
  </action>
  <action id="AutoIndentLines">
    <keyboard-shortcut first-keystroke="alt l" />
  </action>
  <action id="CallHierarchy" />
  <action id="CodeCleanup" />
  <action id="CodeCompletion">
    <keyboard-shortcut first-keystroke="ctrl space" />
    <keyboard-shortcut first-keystroke="ctrl j" />
  </action>
  <action id="CollapseAllRegions" />
  <action id="CollapseRegion">
    <keyboard-shortcut first-keystroke="alt c" />
  </action>
  <action id="CollapseRegionRecursively" />
  <action id="CollapseSelection" />
  <action id="CommentByBlockComment" />
  <action id="CommentByLineComment">
    <keyboard-shortcut first-keystroke="alt slash" />
  </action>
  <action id="Console.TableResult.DeleteRows">
    <keyboard-shortcut first-keystroke="shift ctrl l" />
  </action>
  <action id="CopyPaths" />
  <action id="Debugger.MarkObject" />
  <action id="EditorAddOrRemoveCaret" />
  <action id="EditorAddRectangularSelectionOnMouseDrag" />
  <action id="EditorBackSpace">
    <keyboard-shortcut first-keystroke="back_space" />
  </action>
  <action id="EditorCopy">
    <keyboard-shortcut first-keystroke="ctrl c" />
  </action>
  <action id="EditorCut">
    <keyboard-shortcut first-keystroke="ctrl x" />
  </action>
  <action id="EditorDeleteLine">
    <keyboard-shortcut first-keystroke="shift ctrl l" />
  </action>
  <action id="EditorPaste">
    <keyboard-shortcut first-keystroke="ctrl v" />
  </action>
  <action id="EditorPasteSimple" />
  <action id="EditorScrollToCenter" />
  <action id="ExpandAllRegions">
    <keyboard-shortcut first-keystroke="alt a" />
  </action>
  <action id="ExpandAllToLevel1" />
  <action id="ExpandAllToLevel2" />
  <action id="ExpandAllToLevel3" />
  <action id="ExpandAllToLevel4" />
  <action id="ExpandAllToLevel5" />
  <action id="ExpandCollapseToggleAction" />
  <action id="ExpandRegion">
    <keyboard-shortcut first-keystroke="alt e" />
  </action>
  <action id="ExpandRegionRecursively" />
  <action id="ExpandToLevel1" />
  <action id="ExpandToLevel2" />
  <action id="ExpandToLevel3" />
  <action id="ExpandToLevel4" />
  <action id="ExpandToLevel5" />
  <action id="ExportToTextFile" />
  <action id="FileChooser.NewFolder">
    <keyboard-shortcut first-keystroke="alt insert" />
  </action>
  <action id="Find">
    <keyboard-shortcut first-keystroke="ctrl f" />
  </action>
  <action id="Generate">
    <keyboard-shortcut first-keystroke="alt g" />
  </action>
  <action id="GotoNextBookmark" />
  <action id="GotoPreviousBookmark" />
  <action id="Graph.ActualSize">
    <keyboard-shortcut first-keystroke="ctrl divide" />
  </action>
  <action id="HippieCompletion" />
  <action id="Images.Editor.ActualSize">
    <keyboard-shortcut first-keystroke="ctrl divide" />
  </action>
  <action id="ImplementMethods">
    <keyboard-shortcut first-keystroke="alt i" />
  </action>
  <action id="InsertLiveTemplate" />
  <action id="InspectCode" />
  <action id="MoveElementLeft">
    <keyboard-shortcut first-keystroke="alt left" />
  </action>
  <action id="MoveElementRight">
    <keyboard-shortcut first-keystroke="alt right" />
  </action>
  <action id="MoveStatementDown" />
  <action id="MoveStatementUp" />
  <action id="NavigateToImmediateWindow" />
  <action id="NewElement">
    <keyboard-shortcut first-keystroke="alt insert" />
  </action>
  <action id="OptimizeImports" />
  <action id="OverrideMethods">
    <keyboard-shortcut first-keystroke="alt o" />
  </action>
  <action id="PasteMultiple" />
  <action id="PopupHector" />
  <action id="QuickJavaDoc">
    <keyboard-shortcut first-keystroke="shift ctrl f1" />
  </action>
  <action id="RearrangeCode">
    <keyboard-shortcut first-keystroke="alt r" />
  </action>
  <action id="ReformatCode">
    <keyboard-shortcut first-keystroke="alt f" />
  </action>
  <action id="RiderCodeLens.ShowMore" />
  <action id="RiderCollapseToDefinitions">
    <keyboard-shortcut first-keystroke="alt d" />
  </action>
  <action id="RiderCoveringTestsPopupCoverAllTestsAction" />
  <action id="RiderUnitTestRunSolutionTwAction" />
  <action id="RunInspection" />
  <action id="ServiceView.AddService">
    <keyboard-shortcut first-keystroke="alt insert" />
  </action>
  <action id="SilentCodeCleanup" />
  <action id="SurroundWithLiveTemplate">
    <keyboard-shortcut first-keystroke="ctrl e" second-keystroke="u" />
    <keyboard-shortcut first-keystroke="ctrl e" second-keystroke="ctrl u" />
  </action>
  <action id="SwitchHeaderSource" />
  <action id="Synchronize" />
  <action id="Terminal.ClearBuffer" />
  <action id="ToggleBookmark" />
  <action id="ToggleRenderedDocPresentation" />
  <action id="Uml.NewElement">
    <keyboard-shortcut first-keystroke="alt insert" />
  </action>
  <action id="Unwrap" />
  <action id="Vcs.Log.ShowTooltip">
    <keyboard-shortcut first-keystroke="shift ctrl f1" />
  </action>
  <action id="Vcs.ReformatCommitMessage" />
</keymap>