<application>
  <component name="AdvancedSettings">
    <option name="settings">
      <map>
        <entry key="dev.containers.always.use.latest.backend" value="false" />
        <entry key="dev.containers.compose.no.recreate" value="false" />
        <entry key="dev.containers.fast.clone" value="false" />
        <entry key="dev.containers.show.connection.notification.on.timeout" value="false" />
        <entry key="docker.connect.automatically" value="false" />
        <entry key="docker.container.log.is.first.tab" value="false" />
        <entry key="documentation.components.enable.code.background" value="false" />
        <entry key="documentation.components.enable.code.blocks.highlighting" value="false" />
        <entry key="editor.show.zoom.indicator" value="false" />
        <entry key="enable.combined.diff.for.codereview" value="false" />
        <entry key="git.clone.recurse.submodules" value="false" />
        <entry key="git.update.incoming.outgoing.info" value="false" />
        <entry key="git.use.push.force.with.lease" value="false" />
        <entry key="github.actions.support.enabled" value="false" />
        <entry key="ide.cycle.scrolling" value="false" />
        <entry key="ide.open.readme.md.on.startup" value="false" />
        <entry key="ide.similar.usages.clustering.enable" value="false" />
        <entry key="ide.tool.window.header.dnd" value="false" />
        <entry key="js.js.advanced.annotator" value="false" />
        <entry key="js.jsx.advanced.annotator" value="false" />
        <entry key="js.jsx.client.components" value="false" />
        <entry key="kubernetes.show.empty.node" value="false" />
        <entry key="show.line.bookmarks.in.popup" value="false" />
        <entry key="terminal.escape.moves.focus.to.editor" value="false" />
        <entry key="terminal.type.ahead" value="false" />
        <entry key="terminal.use.1.0.line.spacing.for.alternative.screen.buffer" value="false" />
        <entry key="vcs.commit.tool.window" value="false" />
        <entry key="vcs.process.ignored" value="false" />
      </map>
    </option>
  </component>
</application>