<application>
  <component name="CodeFoldingSettings">
    <option name="COLLAPSE_METHODS" value="true" />
    <option name="COLLAPSE_DOC_COMMENTS" value="true" />
  </component>
  <component name="CodeInsightSettings">
    <option name="completionCaseSensitive" value="2" />
    <option name="selectAutopopupSuggestionsByChars" value="true" />
    <option name="AUTO_POPUP_JAVADOC_INFO" value="true" />
    <option name="COMPLETION_CASE_SENSITIVE" value="2" />
    <option name="SELECT_AUTOPOPUP_SUGGESTIONS_BY_CHARS" value="true" />
    <option name="AUTOCOMPLETE_ON_CODE_COMPLETION" value="false" />
    <option name="INSERT_BRACE_ON_ENTER" value="false" />
  </component>
  <component name="CodeVisionSettings">
    <option name="codeVisionGroupToPosition">
      <map>
        <entry key="Burst compiled code" value="Default" />
        <entry key="Derived symbols" value="Top" />
        <entry key="JSComponentUsageCodeVisionProvider" value="Top" />
        <entry key="Unity Assets Usage" value="Top" />
        <entry key="Unity implicit usage" value="Top" />
        <entry key="Usages" value="Top" />
      </map>
    </option>
    <option name="defaultPosition" value="Top" />
    <option name="disabledCodeVisionProviderIds">
      <set>
        <option value="Burst compiled code" />
        <option value="Covering tests" />
        <option value="Exposing API" />
        <option value="Extension methods" />
        <option value="F# Inferred types" />
        <option value="IL code" />
        <option value="Rename refactoring" />
        <option value="UFunctions implementations" />
        <option value="UFunctions usages" />
        <option value="UProperties write access" />
        <option value="Unity inactive shader variant branch" />
        <option value="Unity serialized field" />
        <option value="VcsAuthorCodeLensProvider" />
        <option value="derived blueprint class" />
        <option value="vcs.code.vision" />
      </set>
    </option>
  </component>
  <component name="EditorSettings">
    <option name="STRIP_TRAILING_SPACES" value="None" />
    <option name="IS_ANIMATED_SCROLLING" value="false" />
    <option name="IS_WHEEL_FONTCHANGE_ENABLED" value="true" />
    <option name="IS_WHEEL_FONTCHANGE_PERSISTENT" value="true" />
  </component>
  <component name="InlineCompletionOnboarding">
    <option name="onboardingFinished" value="true" />
  </component>
  <component name="JSEditorOptions">
    <option name="AUTOMATICALLY_REPLACE_WITH_TEMPLATE_STRING_ON_TYPING" value="false" />
    <option name="ESCAPE_PASTED_TEXT" value="false" />
    <option name="CLOSE_HTML_SINGLE_TAGS" value="false" />
    <option name="CONVERT_HTML_TO_REACT" value="false" />
    <option name="ESCAPE_DOC_ON_COPY_PASTE" value="false" />
  </component>
  <component name="JsonEditorOptions">
    <option name="COMMA_ON_ENTER" value="false" />
    <option name="COMMA_ON_MATCHING_BRACES" value="false" />
    <option name="COMMA_ON_PASTE" value="false" />
    <option name="AUTO_QUOTE_PROP_NAME" value="false" />
    <option name="AUTO_WHITESPACE_AFTER_COLON" value="false" />
    <option name="ESCAPE_PASTED_TEXT" value="false" />
  </component>
  <component name="RiderCodeLensSettings">
    <option name="showUnavailableLenses" value="false" />
  </component>
  <component name="SqlCodeCompletionSettings" USE_ALIAS_JOIN_COMPLETION="false" NON_STRICT_FOREIGN_KEYS="false" SUGGEST_ALIAS_NAMES="false">
    <option name="suggestAliasNames" value="false" />
    <option name="supportNonStrictForeignKeys" value="false" />
    <option name="useAliasInJoinCompletion" value="false" />
  </component>
  <component name="TodoConfiguration">
    <pattern icon="important" useCustomColors="true" case-sensitive="true" pattern="(?&lt;=\W|^)(?&lt;TAG&gt;BUG)(\W|$)(.*)">
      <option name="FOREGROUND" value="cc7e61" />
      <option name="FONT_TYPE" value="3" />
      <option name="ERROR_STRIPE_COLOR" value="cc5c36" />
    </pattern>
    <pattern case-sensitive="true" pattern="(?&lt;=\W|^)(?&lt;TAG&gt;TODO)(\W|$)(.*)" />
  </component>
  <component name="XmlSettings">
    <option name="SHOW_XML_ADD_IMPORT_HINTS" value="false" />
  </component>
</application>