<application>
  <component name="FileTypeManager" version="19">
    <ignoreFiles list="*.meta;*.pyc;*.pyo;*.rbc;*.yarb;.DS_Store;.git;.hg;.mypy_cache;.pytest_cache;.ruff_cache;.svn;CVS;GameResource;Resources;Scene;TextMesh Pro;__pycache__;_svn;vssver.scc;vssver2.scc" />
    <extensionMap>
      <mapping ext="bytes" type="Image" />
      <removed_mapping ext="inputactions" approved="true" type="JSON" />
      <removed_mapping ext="tps" approved="true" type="XML" />
    </extensionMap>
  </component>
</application>