<application>
  <component name="InlineShortcutChoice">
    <option name="choiceShownTimes" value="50" />
  </component>
  <component name="MLServerCompletionSettings">
    <LangState language_id="CSS">
      <option name="enabled" value="false" />
    </LangState>
    <LangState language_id="C++">
      <option name="enabled" value="false" />
    </LangState>
    <LangState language_id="PostCSS">
      <option name="enabled" value="false" />
    </LangState>
    <LangState language_id="TypeScript JSX">
      <option name="enabled" value="false" />
    </LangState>
    <LangState language_id="Vue">
      <option name="enabled" value="false" />
    </LangState>
    <LangState language_id="SASS">
      <option name="enabled" value="false" />
    </LangState>
    <LangState language_id="Flow JS">
      <option name="enabled" value="false" />
    </LangState>
    <LangState language_id="TypeScript">
      <option name="enabled" value="false" />
    </LangState>
    <LangState language_id="ECMAScript 6">
      <option name="enabled" value="false" />
    </LangState>
    <LangState language_id="SCSS">
      <option name="enabled" value="false" />
    </LangState>
    <LangState language_id="JavaScript">
      <option name="enabled" value="false" />
    </LangState>
    <LangState language_id="LESS">
      <option name="enabled" value="false" />
    </LangState>
    <LangState language_id="VueJS">
      <option name="enabled" value="false" />
    </LangState>
  </component>
</application>