<application>
  <component name="GeneralSettings">
    <option name="reopenLastProject" value="false" />
    <option name="autoSyncFiles" value="false" />
    <option name="backgroundSyncFiles" value="false" />
    <option name="autoSaveFiles" value="false" />
    <option name="isUseSafeWrite" value="false" />
    <option name="confirmOpenNewProject2" value="-1" />
    <option name="processCloseConfirmation" value="TERMINATE" />
  </component>
  <component name="LocalizationStateService">
    <option name="lastSelectedLocale" value="zh-CN" />
    <option name="selectedLocale" value="zh-CN" />
  </component>
  <component name="Registry">
    <entry key="ide.experimental.ui" value="true" />
    <entry key="ide.images.show.chessboard" value="true" />
    <entry key="i18n.locale" value="" />
    <entry key="moved.to.new.ui" value="true" />
  </component>
</application>