<application>
  <component name="PostfixTemplatesSettings">
    <option name="postfixTemplatesEnabled" value="false" />
    <option name="providerToDisabledTemplates">
      <disabled-templates provider="builtin.sql">
        <value>
          <set>
            <option value="com.intellij.sql.postfixTemplates.SqlAllAliasedFromPostfixTemplate#.afrom" />
            <option value="com.intellij.sql.postfixTemplates.SqlAllFromPostfixTemplate#.cfrom" />
            <option value="com.intellij.sql.postfixTemplates.SqlCastPostfixTemplate#.cast" />
            <option value="com.intellij.sql.postfixTemplates.SqlFromPostfixTemplate#.from" />
            <option value="com.intellij.sql.postfixTemplates.SqlJoinPostfixTemplate#.join" />
          </set>
        </value>
      </disabled-templates>
    </option>
  </component>
</application>