<application>
  <component name="ProjectManager">
    <defaultProject>
      <component name="Encoding" addBOMForNewFiles="with BOM under Windows, with no BOM otherwise" />
      <component name="PropertiesComponent">{
  &quot;keyToString&quot;: {
    &quot;settings.editor.selected.configurable&quot;: &quot;preferences.pluginManager&quot;
  }
}</component>
      <component name="VcsDirectoryMappings" defaultProject="true" />
      <component name="WindowStateProjectService">
        <state x="1935" y="250" key="SettingsEditor" timestamp="1739003344734">
          <screen x="1920" y="-465" width="1080" height="1880" />
        </state>
        <state x="1935" y="250" key="SettingsEditor/1920.-465.1080.1880/0.0.1920.1040" timestamp="1739003344734" />
      </component>
    </defaultProject>
  </component>
</application>