<application>
  <component name="ProjectManager">
    <defaultProject>
      <component name="Encoding" addBOMForNewFiles="with BOM under Windows, with no BOM otherwise" />
      <component name="PropertiesComponent">{
  &quot;keyToString&quot;: {
    &quot;settings.editor.selected.configurable&quot;: &quot;preferences.pluginManager&quot;
  }
}</component>
      <component name="VcsDirectoryMappings" defaultProject="true" />
      <component name="WindowStateProjectService">
        <state x="1019" y="394" key="FileChooserDialogImpl" timestamp="1756106615507">
          <screen x="0" y="0" width="1920" height="1040" />
        </state>
        <state x="1019" y="394" key="FileChooserDialogImpl/1920.0.1920.1040/0.0.1920.1040" timestamp="1756106615507" />
        <state x="781" y="297" key="Rider.NewProjectDialog.Size" timestamp="1756106631610">
          <screen x="0" y="0" width="1920" height="1040" />
        </state>
        <state x="781" y="297" key="Rider.NewProjectDialog.Size/1920.0.1920.1040/0.0.1920.1040" timestamp="1756106631610" />
      </component>
    </defaultProject>
  </component>
</application>