<application>
  <component name="Trusted.Paths">
    <option name="TRUSTED_PROJECT_PATHS">
      <map>
        <entry key="E:\PersonalFiles\程序猿的自我修养\程序语言\CSharp工程" value="true" />
        <entry key="E:\PersonalFiles\程序猿的自我修养\程序语言\CSharp工程\.idea\.idea.题库工程" value="true" />
        <entry key="E:\ProjectFiles\CPlusPlus\CPP学习" value="true" />
        <entry key="E:\ProjectFiles\CPlusPlus\CPP学习\.idea\.idea.CPP学习" value="true" />
        <entry key="E:\ProjectFiles\CSharpProject\PasswordGenerator" value="true" />
        <entry key="E:\ProjectFiles\CSharpProject\PasswordGenerator\.idea\.idea.PasswordGenerator" value="true" />
        <entry key="E:\ProjectFiles\CSharpProject\密码生成器" value="true" />
        <entry key="E:\ProjectFiles\CSharpProject\密码生成器\.idea\.idea.PasswordGenerator" value="true" />
        <entry key="E:\ProjectFiles\UnityProject\CardMatch3\CardMatch3Client" value="true" />
        <entry key="E:\ProjectFiles\UnityProject\CardMatch3\CardMatch3Client\.idea\.idea.CardMatch3Client" value="true" />
        <entry key="E:\ProjectFiles\UnityProject\LuckyScratchTicket\LuckyScratchTicketClient" value="true" />
        <entry key="E:\ProjectFiles\UnityProject\ProjectConanZ\BuildAndFarm\Client\Conan_Dev" value="true" />
        <entry key="E:\ProjectFiles\UnityProject\ProjectConanZ\BuildAndFarm\Client\Conan_Dev\.idea\.idea.Conan_Dev" value="true" />
        <entry key="E:\ProjectFiles\UnityProject\ProjectConanZ\Tower\Client\Tower" value="true" />
        <entry key="E:\ProjectFiles\UnityProject\ProjectConan\iOS" value="true" />
        <entry key="E:\ProjectFiles\UnityProject\ProjectConan\xiuxian\XiuXian" value="true" />
        <entry key="E:\ProjectFiles\UnityProject\ProjectConan\xiuxian\XiuXian\.idea\.idea.XiuXian" value="true" />
        <entry key="E:\ProjectFiles\UnityProject\ScratchCard\ScratchCardClient" value="true" />
        <entry key="E:\ProjectFiles\UnityProject\ScratchCard\ScratchCardClient\.idea\.idea.ScratchCardClient" value="true" />
        <entry key="E:\ProjectFiles\UnityProject\XirangFramework\XirangFrameworkClient" value="true" />
        <entry key="E:\ProjectFiles\UnityProject\XirangFramework\XirangFrameworkClient\.idea\.idea.XirangFrameworkClient" value="true" />
        <entry key="E:\ProjectFiles\UnityProject\ZhengXing\ClickWorld\ClickWorldClient" value="true" />
        <entry key="E:\ProjectFiles\UnityProject\ZhengXing\ClickWorld\ClickWorldClient\.idea\.idea.ClickWorldClient" value="true" />
        <entry key="E:\ProjectFiles\UnityProject\ZhengXing\LuckyScratchTicket\LuckyScratchTicketClient" value="true" />
        <entry key="E:\ProjectFiles\UnityProject\ZhengXing\LuckyScratchTicket\LuckyScratchTicketClient\.idea\.idea.LuckyScratchTicketClient" value="true" />
        <entry key="E:\ProjectFiles\UnityProject\ZhengXing\LuckyScratchTicket\LuckyScratchTicketOld" value="true" />
        <entry key="E:\ProjectFiles\UnityProject\ZhengXing\LuckyScratchTicket\LuckyScratchTicketOld\.idea\.idea.LuckyScratchTicketOld" value="true" />
        <entry key="E:\ProjectFiles\UnityProject\ZhengXing\XirangFramework\XirangFrameworkClient" value="true" />
        <entry key="E:\ProjectFiles\UnityProject\ZhengXing\XirangFramework\XirangFrameworkClient\.idea\.idea.XirangFrameworkClient" value="true" />
        <entry key="E:\ProjectFiles\UnityProject\xiuxian\XiuXian" value="true" />
        <entry key="E:\ProjectFiles\UnityProject\xiuxian\XiuXian\.idea\.idea.XiuXian" value="true" />
        <entry key="E:\ProjectFiles\UnityProject\月Studio\SLG\trunk\langren-unity\miniGame" value="true" />
        <entry key="E:\ProjectFiles\UnityProject\月Studio\SLG\trunk\langren-unity\miniGame\.idea\.idea.miniGame" value="true" />
      </map>
    </option>
  </component>
</application>