<application>
  <component name="UISettings">
    <option name="EDITOR_TAB_LIMIT" value="20" />
    <option name="MARK_MODIFIED_TABS_WITH_ASTERISK" value="true" />
    <option name="MAX_LOOKUP_WIDTH2" value="1000" />
    <option name="PIN_FIND_IN_PATH_POPUP" value="true" />
    <option name="SCROLL_TAB_LAYOUT_IN_EDITOR" value="false" />
    <option name="SHOW_DIRECTORY_FOR_NON_UNIQUE_FILENAMES" value="false" />
    <option name="SHOW_TABS_TOOLTIPS" value="false" />
    <option name="smoothScrolling" value="false" />
  </component>
</application>