<application>
  <component name="UmlConfiguration">
    <option name="animationsEnabled" value="false" />
    <option name="fitContentAfterLayout" value="false" />
    <option name="relayoutOnNewElements" value="false" />
    <option name="myDoShowGridByDefault" value="false" />
    <option name="myDoNodeItemSyntaxHighlighting" value="false" />
    <option name="myIsAnimationsEnabled" value="false" />
    <option name="categories">
      <map>
        <entry id="DATABASE" categories="键列;列;虚拟外键;注释" />
        <entry id="DIFF" categories="详细信息" />
        <entry id="Microservices" categories="显示边框" />
        <entry id="QUERY_PLAN" categories="特性" />
      </map>
    </option>
  </component>
</application>