<application>
  <component name="Vcs.Log.App.Settings">
    <option name="COLUMN_ID_ORDER">
      <list>
        <option value="Default.Root" />
        <option value="Default.Subject" />
        <option value="GitHub.CommitStatus" />
      </list>
    </option>
    <option name="COLUMN_ID_VISIBILITY">
      <map>
        <entry key="Table.Default.Author.ColumnIdVisibility" value="false" />
        <entry key="Table.Default.Date.ColumnIdVisibility" value="false" />
      </map>
    </option>
    <option name="COMPACT_REFERENCES_VIEW" value="false" />
  </component>
  <component name="VcsApplicationSettings">
    <option name="SHOW_LST_GUTTER_MARKERS" value="false" />
    <option name="ENABLE_PARTIAL_CHANGELISTS" value="false" />
    <option name="COMMIT_FROM_LOCAL_CHANGES" value="false" />
    <option name="SHOW_EDITOR_PREVIEW_ON_DOUBLE_CLICK" value="false" />
  </component>
</application>