<application>
  <component name="DimensionService">
    <location key="find.popup.1920.-465.1080.1920" x="2008" y="219" />
    <location key="find.popup.0.0.1920.1080" x="680" y="166" />
    <size key="GridCell.Tab.0.left.1920.-465.1080.1920" width="998" height="222" />
    <size key="GridCell.Tab.0.center.1920.-465.1080.1920" width="998" height="222" />
    <size key="GridCell.Tab.0.right.1920.-465.1080.1920" width="998" height="222" />
    <size key="GridCell.Tab.0.bottom.1920.-465.1080.1920" width="998" height="222" />
    <size key="GridCell.Tab.1.left.1920.-465.1080.1920" width="998" height="222" />
    <size key="GridCell.Tab.1.center.1920.-465.1080.1920" width="998" height="222" />
    <size key="GridCell.Tab.1.right.1920.-465.1080.1920" width="998" height="222" />
    <size key="GridCell.Tab.1.bottom.1920.-465.1080.1920" width="998" height="222" />
    <size key="GridCell.Tab.2.left.1920.-465.1080.1920" width="998" height="222" />
    <size key="GridCell.Tab.2.center.1920.-465.1080.1920" width="998" height="222" />
    <size key="GridCell.Tab.2.right.1920.-465.1080.1920" width="998" height="222" />
    <size key="GridCell.Tab.2.bottom.1920.-465.1080.1920" width="998" height="222" />
    <size key="GridCell.Tab.3.left.1920.-465.1080.1920" width="998" height="222" />
    <size key="GridCell.Tab.3.center.1920.-465.1080.1920" width="998" height="222" />
    <size key="GridCell.Tab.3.right.1920.-465.1080.1920" width="998" height="222" />
    <size key="GridCell.Tab.3.bottom.1920.-465.1080.1920" width="998" height="222" />
    <size key="GridCell.Tab.4.left.1920.-465.1080.1920" width="998" height="222" />
    <size key="GridCell.Tab.4.center.1920.-465.1080.1920" width="998" height="222" />
    <size key="GridCell.Tab.4.right.1920.-465.1080.1920" width="998" height="222" />
    <size key="GridCell.Tab.4.bottom.1920.-465.1080.1920" width="998" height="222" />
    <size key="GridCell.Tab.5.left.1920.-465.1080.1920" width="998" height="222" />
    <size key="GridCell.Tab.5.center.1920.-465.1080.1920" width="998" height="222" />
    <size key="GridCell.Tab.5.right.1920.-465.1080.1920" width="998" height="222" />
    <size key="GridCell.Tab.5.bottom.1920.-465.1080.1920" width="998" height="222" />
    <size key="GridCell.Tab.6.left.1920.-465.1080.1920" width="998" height="222" />
    <size key="GridCell.Tab.6.center.1920.-465.1080.1920" width="998" height="222" />
    <size key="GridCell.Tab.6.right.1920.-465.1080.1920" width="998" height="222" />
    <size key="GridCell.Tab.6.bottom.1920.-465.1080.1920" width="998" height="222" />
    <size key="GridCell.Tab.0.left.0.0.1920.1080" width="1838" height="172" />
    <size key="GridCell.Tab.0.center.0.0.1920.1080" width="1838" height="172" />
    <size key="GridCell.Tab.0.right.0.0.1920.1080" width="1838" height="172" />
    <size key="GridCell.Tab.0.bottom.0.0.1920.1080" width="1838" height="172" />
    <size key="GridCell.Tab.1.left.0.0.1920.1080" width="1838" height="172" />
    <size key="GridCell.Tab.1.center.0.0.1920.1080" width="1838" height="172" />
    <size key="GridCell.Tab.1.right.0.0.1920.1080" width="1838" height="172" />
    <size key="GridCell.Tab.1.bottom.0.0.1920.1080" width="1838" height="172" />
    <size key="GridCell.Tab.2.left.0.0.1920.1080" width="1838" height="172" />
    <size key="GridCell.Tab.2.center.0.0.1920.1080" width="1838" height="172" />
    <size key="GridCell.Tab.2.right.0.0.1920.1080" width="1838" height="172" />
    <size key="GridCell.Tab.2.bottom.0.0.1920.1080" width="1838" height="172" />
    <size key="GridCell.Tab.3.left.0.0.1920.1080" width="1838" height="172" />
    <size key="GridCell.Tab.3.center.0.0.1920.1080" width="1838" height="172" />
    <size key="GridCell.Tab.3.right.0.0.1920.1080" width="1838" height="172" />
    <size key="GridCell.Tab.3.bottom.0.0.1920.1080" width="1838" height="172" />
    <size key="GridCell.Tab.4.left.0.0.1920.1080" width="1838" height="172" />
    <size key="GridCell.Tab.4.center.0.0.1920.1080" width="1838" height="172" />
    <size key="GridCell.Tab.4.right.0.0.1920.1080" width="1838" height="172" />
    <size key="GridCell.Tab.4.bottom.0.0.1920.1080" width="1838" height="172" />
    <size key="GridCell.Tab.5.left.0.0.1920.1080" width="1838" height="172" />
    <size key="GridCell.Tab.5.center.0.0.1920.1080" width="1838" height="172" />
    <size key="GridCell.Tab.5.right.0.0.1920.1080" width="1838" height="172" />
    <size key="GridCell.Tab.5.bottom.0.0.1920.1080" width="1838" height="172" />
    <size key="GridCell.Tab.6.left.0.0.1920.1080" width="1838" height="172" />
    <size key="GridCell.Tab.6.center.0.0.1920.1080" width="1838" height="172" />
    <size key="GridCell.Tab.6.right.0.0.1920.1080" width="1838" height="172" />
    <size key="GridCell.Tab.6.bottom.0.0.1920.1080" width="1838" height="172" />
    <size key="find.popup.1920.-465.1080.1920" width="846" height="576" />
    <size key="GridCell.Tab.0.left.1920.0.1920.1080" width="1838" height="172" />
    <size key="GridCell.Tab.0.center.1920.0.1920.1080" width="1838" height="172" />
    <size key="GridCell.Tab.0.right.1920.0.1920.1080" width="1838" height="172" />
    <size key="GridCell.Tab.0.bottom.1920.0.1920.1080" width="1838" height="172" />
    <size key="GridCell.Tab.1.left.1920.0.1920.1080" width="1838" height="142" />
    <size key="GridCell.Tab.1.center.1920.0.1920.1080" width="1838" height="142" />
    <size key="GridCell.Tab.1.right.1920.0.1920.1080" width="1838" height="142" />
    <size key="GridCell.Tab.1.bottom.1920.0.1920.1080" width="1838" height="142" />
    <size key="GridCell.Tab.2.left.1920.0.1920.1080" width="1838" height="142" />
    <size key="GridCell.Tab.2.center.1920.0.1920.1080" width="1838" height="142" />
    <size key="GridCell.Tab.2.right.1920.0.1920.1080" width="1838" height="142" />
    <size key="GridCell.Tab.2.bottom.1920.0.1920.1080" width="1838" height="142" />
    <size key="GridCell.Tab.3.left.1920.0.1920.1080" width="1838" height="142" />
    <size key="GridCell.Tab.3.center.1920.0.1920.1080" width="1838" height="142" />
    <size key="GridCell.Tab.3.right.1920.0.1920.1080" width="1838" height="142" />
    <size key="GridCell.Tab.3.bottom.1920.0.1920.1080" width="1838" height="142" />
    <size key="GridCell.Tab.4.left.1920.0.1920.1080" width="1838" height="142" />
    <size key="GridCell.Tab.4.center.1920.0.1920.1080" width="1838" height="142" />
    <size key="GridCell.Tab.4.right.1920.0.1920.1080" width="1838" height="142" />
    <size key="GridCell.Tab.4.bottom.1920.0.1920.1080" width="1838" height="142" />
    <size key="GridCell.Tab.5.left.1920.0.1920.1080" width="1838" height="142" />
    <size key="GridCell.Tab.5.center.1920.0.1920.1080" width="1838" height="142" />
    <size key="GridCell.Tab.5.right.1920.0.1920.1080" width="1838" height="142" />
    <size key="GridCell.Tab.5.bottom.1920.0.1920.1080" width="1838" height="142" />
    <size key="GridCell.Tab.6.left.1920.0.1920.1080" width="1838" height="142" />
    <size key="GridCell.Tab.6.center.1920.0.1920.1080" width="1838" height="142" />
    <size key="GridCell.Tab.6.right.1920.0.1920.1080" width="1838" height="142" />
    <size key="GridCell.Tab.6.bottom.1920.0.1920.1080" width="1838" height="142" />
    <size key="find.popup.0.0.1920.1080" width="846" height="864" />
  </component>
  <component name="WindowManager">
    <frame x="-8" y="-8" width="1936" height="1056" extendedState="6" />
  </component>
  <component name="WindowStateApplicationService">
    <state x="747" y="192" key="#HTTP_代理" timestamp="1759975112315">
      <screen x="0" y="0" width="1920" height="1040" />
    </state>
    <state x="747" y="192" key="#HTTP_代理/1920.0.1920.1040/0.0.1920.1040" timestamp="1759975112315" />
    <state x="677" y="370" key="APPLICATION_WIDE_STORE_#rider.projectView.actions.properties.EditPropertiesDialog文件夹" timestamp="1757418400918">
      <screen x="0" y="0" width="1920" height="1040" />
    </state>
    <state x="677" y="370" key="APPLICATION_WIDE_STORE_#rider.projectView.actions.properties.EditPropertiesDialog文件夹/1920.0.1920.1040/0.0.1920.1040" timestamp="1757418400918" />
    <state width="396" height="307" key="ShowUsagesActions.dimensionServiceKey" timestamp="1760004116436">
      <screen x="0" y="0" width="1920" height="1040" />
    </state>
    <state width="320" height="139" key="ShowUsagesActions.dimensionServiceKey/0.0.1366.728" timestamp="1757681479342" />
    <state width="396" height="307" key="ShowUsagesActions.dimensionServiceKey/1920.0.1920.1040/0.0.1920.1040" timestamp="1760004116436" />
    <state x="960" y="523" width="1936" height="1056" key="WELCOME_SCREEN" timestamp="1760002213524">
      <screen x="1920" y="0" width="1920" height="1040" />
    </state>
    <state x="960" y="523" width="1936" height="1056" key="WELCOME_SCREEN/1920.0.1920.1040/0.0.1920.1040" timestamp="1760002213524" />
  </component>
</application>