<application>
  <component name="DimensionService">
    <location key="find.popup.1920.-465.1080.1920" x="2008" y="219" />
    <size key="GridCell.Tab.0.left.1920.-465.1080.1920" width="998" height="222" />
    <size key="GridCell.Tab.0.center.1920.-465.1080.1920" width="998" height="222" />
    <size key="GridCell.Tab.0.right.1920.-465.1080.1920" width="998" height="222" />
    <size key="GridCell.Tab.0.bottom.1920.-465.1080.1920" width="998" height="222" />
    <size key="GridCell.Tab.1.left.1920.-465.1080.1920" width="998" height="222" />
    <size key="GridCell.Tab.1.center.1920.-465.1080.1920" width="998" height="222" />
    <size key="GridCell.Tab.1.right.1920.-465.1080.1920" width="998" height="222" />
    <size key="GridCell.Tab.1.bottom.1920.-465.1080.1920" width="998" height="222" />
    <size key="GridCell.Tab.2.left.1920.-465.1080.1920" width="998" height="222" />
    <size key="GridCell.Tab.2.center.1920.-465.1080.1920" width="998" height="222" />
    <size key="GridCell.Tab.2.right.1920.-465.1080.1920" width="998" height="222" />
    <size key="GridCell.Tab.2.bottom.1920.-465.1080.1920" width="998" height="222" />
    <size key="GridCell.Tab.3.left.1920.-465.1080.1920" width="998" height="222" />
    <size key="GridCell.Tab.3.center.1920.-465.1080.1920" width="998" height="222" />
    <size key="GridCell.Tab.3.right.1920.-465.1080.1920" width="998" height="222" />
    <size key="GridCell.Tab.3.bottom.1920.-465.1080.1920" width="998" height="222" />
    <size key="GridCell.Tab.4.left.1920.-465.1080.1920" width="998" height="222" />
    <size key="GridCell.Tab.4.center.1920.-465.1080.1920" width="998" height="222" />
    <size key="GridCell.Tab.4.right.1920.-465.1080.1920" width="998" height="222" />
    <size key="GridCell.Tab.4.bottom.1920.-465.1080.1920" width="998" height="222" />
    <size key="GridCell.Tab.5.left.1920.-465.1080.1920" width="998" height="222" />
    <size key="GridCell.Tab.5.center.1920.-465.1080.1920" width="998" height="222" />
    <size key="GridCell.Tab.5.right.1920.-465.1080.1920" width="998" height="222" />
    <size key="GridCell.Tab.5.bottom.1920.-465.1080.1920" width="998" height="222" />
    <size key="GridCell.Tab.6.left.1920.-465.1080.1920" width="998" height="222" />
    <size key="GridCell.Tab.6.center.1920.-465.1080.1920" width="998" height="222" />
    <size key="GridCell.Tab.6.right.1920.-465.1080.1920" width="998" height="222" />
    <size key="GridCell.Tab.6.bottom.1920.-465.1080.1920" width="998" height="222" />
    <size key="GridCell.Tab.0.left.0.0.1920.1080" width="1838" height="244" />
    <size key="GridCell.Tab.0.center.0.0.1920.1080" width="1838" height="244" />
    <size key="GridCell.Tab.0.right.0.0.1920.1080" width="1838" height="244" />
    <size key="GridCell.Tab.0.bottom.0.0.1920.1080" width="1838" height="244" />
    <size key="GridCell.Tab.1.left.0.0.1920.1080" width="1838" height="244" />
    <size key="GridCell.Tab.1.center.0.0.1920.1080" width="1838" height="244" />
    <size key="GridCell.Tab.1.right.0.0.1920.1080" width="1838" height="244" />
    <size key="GridCell.Tab.1.bottom.0.0.1920.1080" width="1838" height="244" />
    <size key="GridCell.Tab.2.left.0.0.1920.1080" width="1838" height="244" />
    <size key="GridCell.Tab.2.center.0.0.1920.1080" width="1838" height="244" />
    <size key="GridCell.Tab.2.right.0.0.1920.1080" width="1838" height="244" />
    <size key="GridCell.Tab.2.bottom.0.0.1920.1080" width="1838" height="244" />
    <size key="GridCell.Tab.3.left.0.0.1920.1080" width="1838" height="244" />
    <size key="GridCell.Tab.3.center.0.0.1920.1080" width="1838" height="244" />
    <size key="GridCell.Tab.3.right.0.0.1920.1080" width="1838" height="244" />
    <size key="GridCell.Tab.3.bottom.0.0.1920.1080" width="1838" height="244" />
    <size key="GridCell.Tab.4.left.0.0.1920.1080" width="1838" height="244" />
    <size key="GridCell.Tab.4.center.0.0.1920.1080" width="1838" height="244" />
    <size key="GridCell.Tab.4.right.0.0.1920.1080" width="1838" height="244" />
    <size key="GridCell.Tab.4.bottom.0.0.1920.1080" width="1838" height="244" />
    <size key="GridCell.Tab.5.left.0.0.1920.1080" width="1838" height="244" />
    <size key="GridCell.Tab.5.center.0.0.1920.1080" width="1838" height="244" />
    <size key="GridCell.Tab.5.right.0.0.1920.1080" width="1838" height="244" />
    <size key="GridCell.Tab.5.bottom.0.0.1920.1080" width="1838" height="244" />
    <size key="GridCell.Tab.6.left.0.0.1920.1080" width="1838" height="244" />
    <size key="GridCell.Tab.6.center.0.0.1920.1080" width="1838" height="244" />
    <size key="GridCell.Tab.6.right.0.0.1920.1080" width="1838" height="244" />
    <size key="GridCell.Tab.6.bottom.0.0.1920.1080" width="1838" height="244" />
    <size key="find.popup.1920.-465.1080.1920" width="846" height="576" />
    <size key="GridCell.Tab.0.left.1920.0.1920.1080" width="1838" height="142" />
    <size key="GridCell.Tab.0.center.1920.0.1920.1080" width="1838" height="142" />
    <size key="GridCell.Tab.0.right.1920.0.1920.1080" width="1838" height="142" />
    <size key="GridCell.Tab.0.bottom.1920.0.1920.1080" width="1838" height="142" />
    <size key="GridCell.Tab.1.left.1920.0.1920.1080" width="1838" height="142" />
    <size key="GridCell.Tab.1.center.1920.0.1920.1080" width="1838" height="142" />
    <size key="GridCell.Tab.1.right.1920.0.1920.1080" width="1838" height="142" />
    <size key="GridCell.Tab.1.bottom.1920.0.1920.1080" width="1838" height="142" />
    <size key="GridCell.Tab.2.left.1920.0.1920.1080" width="1838" height="142" />
    <size key="GridCell.Tab.2.center.1920.0.1920.1080" width="1838" height="142" />
    <size key="GridCell.Tab.2.right.1920.0.1920.1080" width="1838" height="142" />
    <size key="GridCell.Tab.2.bottom.1920.0.1920.1080" width="1838" height="142" />
    <size key="GridCell.Tab.3.left.1920.0.1920.1080" width="1838" height="142" />
    <size key="GridCell.Tab.3.center.1920.0.1920.1080" width="1838" height="142" />
    <size key="GridCell.Tab.3.right.1920.0.1920.1080" width="1838" height="142" />
    <size key="GridCell.Tab.3.bottom.1920.0.1920.1080" width="1838" height="142" />
    <size key="GridCell.Tab.4.left.1920.0.1920.1080" width="1838" height="142" />
    <size key="GridCell.Tab.4.center.1920.0.1920.1080" width="1838" height="142" />
    <size key="GridCell.Tab.4.right.1920.0.1920.1080" width="1838" height="142" />
    <size key="GridCell.Tab.4.bottom.1920.0.1920.1080" width="1838" height="142" />
    <size key="GridCell.Tab.5.left.1920.0.1920.1080" width="1838" height="142" />
    <size key="GridCell.Tab.5.center.1920.0.1920.1080" width="1838" height="142" />
    <size key="GridCell.Tab.5.right.1920.0.1920.1080" width="1838" height="142" />
    <size key="GridCell.Tab.5.bottom.1920.0.1920.1080" width="1838" height="142" />
    <size key="GridCell.Tab.6.left.1920.0.1920.1080" width="1838" height="142" />
    <size key="GridCell.Tab.6.center.1920.0.1920.1080" width="1838" height="142" />
    <size key="GridCell.Tab.6.right.1920.0.1920.1080" width="1838" height="142" />
    <size key="GridCell.Tab.6.bottom.1920.0.1920.1080" width="1838" height="142" />
  </component>
  <component name="WindowManager">
    <frame x="-8" y="-8" width="1936" height="1056" extendedState="6" />
  </component>
  <component name="WindowStateApplicationService">
    <state x="2077" y="205" key="APPLICATION_WIDE_STORE_#rider.projectView.actions.properties.EditPropertiesDialog项目" timestamp="1743132343480">
      <screen x="1920" y="-465" width="1080" height="1880" />
    </state>
    <state x="2077" y="205" key="APPLICATION_WIDE_STORE_#rider.projectView.actions.properties.EditPropertiesDialog项目/1920.-465.1080.1880/0.0.1920.1040" timestamp="1743132343480" />
    <state width="462" height="139" key="ShowUsagesActions.dimensionServiceKey" timestamp="1751249631619">
      <screen x="0" y="0" width="1920" height="1040" />
    </state>
    <state width="407" height="139" key="ShowUsagesActions.dimensionServiceKey/0.0.1920.1040" timestamp="1746948409174" />
    <state width="488" height="283" key="ShowUsagesActions.dimensionServiceKey/1920.-465.1080.1880/0.0.1920.1040" timestamp="1747882725637" />
    <state width="488" height="211" key="ShowUsagesActions.dimensionServiceKey/1920.-465.1920.1040/0.0.1920.1040" timestamp="1747884602799" />
    <state width="462" height="139" key="ShowUsagesActions.dimensionServiceKey/1920.0.1920.1040/0.0.1920.1040" timestamp="1751249631619" />
    <state x="959" y="551" width="1423" height="650" key="WELCOME_SCREEN" timestamp="1750318711619">
      <screen x="0" y="0" width="1920" height="1040" />
    </state>
    <state x="2460" y="270" width="800" height="650" key="WELCOME_SCREEN/1920.-465.1080.1880/0.0.1920.1040" timestamp="1743130888575" />
    <state x="959" y="551" width="1423" height="650" key="WELCOME_SCREEN/1920.0.1920.1040/0.0.1920.1040" timestamp="1750318711619" />
  </component>
</application>